dep,dur,mem,jour,temp,prec,pointe
5/21/2021 8:50,803,0,vendredi,25.3,0,1
5/14/2021 9:22,1846,0,vendredi,17.8,0,1
5/14/2021 8:33,1343,0,vendredi,17.8,0,1
5/21/2021 9:53,412,0,vendredi,25.3,0,1
5/7/2021 8:37,761,0,vendredi,9.7,0,1
5/7/2021 13:04,326,0,vendredi,9.7,0,3
5/7/2021 15:00,636,0,vendredi,9.7,0,3
5/14/2021 19:52,4508,0,vendredi,17.8,0,3
5/28/2021 20:38,417,0,vendredi,7.8,0,3
5/14/2021 12:52,1059,0,vendredi,17.8,0,3
5/7/2021 17:36,1561,0,vendredi,9.7,0,2
5/7/2021 18:20,937,0,vendredi,9.7,0,2
5/28/2021 18:08,492,0,vendredi,7.8,0,2
5/28/2021 17:55,1127,0,vendredi,7.8,0,2
5/14/2021 16:08,944,0,vendredi,17.8,0,2
6/25/2021 8:46,980,0,vendredi,22.2,0,1
6/25/2021 7:01,1800,0,vendredi,22.2,0,1
6/25/2021 6:43,299,0,vendredi,22.2,0,1
6/11/2021 8:50,982,0,vendredi,19.7,0.2,1
6/11/2021 8:43,999,0,vendredi,19.7,0.2,1
6/4/2021 11:07,671,0,vendredi,22,0,3
6/25/2021 19:12,594,0,vendredi,22.2,0,3
6/11/2021 23:13,312,0,vendredi,19.7,0.2,3
6/25/2021 0:34,1586,0,vendredi,22.2,0,3
6/25/2021 1:11,212,0,vendredi,22.2,0,3
6/11/2021 15:32,2113,0,vendredi,19.7,0.2,2
6/4/2021 15:11,603,0,vendredi,22,0,2
6/4/2021 17:51,959,0,vendredi,22,0,2
6/11/2021 16:52,1387,0,vendredi,19.7,0.2,2
6/18/2021 18:07,1970,0,vendredi,21.2,4.8,2
7/30/2021 9:16,375,0,vendredi,16.5,0,1
7/30/2021 8:23,943,0,vendredi,16.5,0,1
7/9/2021 6:35,137,0,vendredi,18.1,0,1
7/30/2021 8:50,333,0,vendredi,16.5,0,1
7/2/2021 7:10,464,0,vendredi,17.6,0,1
7/30/2021 10:29,1209,0,vendredi,16.5,0,3
7/2/2021 21:48,1909,0,vendredi,17.6,0,3
7/30/2021 21:06,3724,0,vendredi,16.5,0,3
7/23/2021 14:55,913,0,vendredi,21,0,3
7/30/2021 13:31,422,0,vendredi,16.5,0,3
7/2/2021 18:33,1081,0,vendredi,17.6,0,2
7/9/2021 18:43,1692,0,vendredi,18.1,0,2
7/16/2021 17:35,226,0,vendredi,22,0,2
7/16/2021 18:36,1180,0,vendredi,22,0,2
7/30/2021 15:48,643,0,vendredi,16.5,0,2
8/6/2021 9:22,334,0,vendredi,25.1,0.2,1
8/20/2021 8:52,204,0,vendredi,25.9,0,1
8/20/2021 9:15,1433,0,vendredi,25.9,0,1
8/27/2021 9:30,846,0,vendredi,21.2,0,1
8/27/2021 9:54,1295,0,vendredi,21.2,0,1
8/13/2021 1:44,1663,0,vendredi,27,0.2,3
8/27/2021 22:56,5033,0,vendredi,21.2,0,3
8/6/2021 12:54,730,0,vendredi,25.1,0.2,3
8/6/2021 13:32,991,0,vendredi,25.1,0.2,3
8/6/2021 13:41,735,0,vendredi,25.1,0.2,3
8/20/2021 17:09,1902,0,vendredi,25.9,0,2
8/6/2021 18:02,847,0,vendredi,25.1,0.2,2
8/6/2021 15:39,615,0,vendredi,25.1,0.2,2
8/27/2021 17:57,769,0,vendredi,21.2,0,2
8/6/2021 16:30,918,0,vendredi,25.1,0.2,2
9/3/2021 8:41,523,0,vendredi,18,0,1
9/17/2021 9:19,931,0,vendredi,19.8,0,1
9/10/2021 8:36,579,0,vendredi,17.1,0.3,1
9/3/2021 9:05,113,0,vendredi,18,0,1
9/10/2021 9:33,670,0,vendredi,17.1,0.3,1
9/10/2021 22:11,555,0,vendredi,17.1,0.3,3
9/17/2021 11:47,1500,0,vendredi,19.8,0,3
9/24/2021 12:58,2250,0,vendredi,18.3,26.5,3
9/10/2021 0:07,1521,0,vendredi,17.1,0.3,3
9/17/2021 11:19,412,0,vendredi,19.8,0,3
9/3/2021 15:24,348,0,vendredi,18,0,2
9/24/2021 17:23,4340,0,vendredi,18.3,26.5,2
9/17/2021 15:59,322,0,vendredi,19.8,0,2
9/10/2021 17:24,874,0,vendredi,17.1,0.3,2
9/10/2021 18:39,748,0,vendredi,17.1,0.3,2
10/1/2021 7:59,174,0,vendredi,12.5,0,1
10/1/2021 7:32,776,0,vendredi,12.5,0,1
10/15/2021 7:34,1097,0,vendredi,18.4,0,1
10/8/2021 9:02,1293,0,vendredi,15.4,0,1
10/8/2021 6:45,464,0,vendredi,15.4,0,1
10/1/2021 19:30,578,0,vendredi,12.5,0,3
10/22/2021 0:46,891,0,vendredi,8.7,13.8,3
10/8/2021 20:10,1855,0,vendredi,15.4,0,3
10/22/2021 1:41,1121,0,vendredi,8.7,13.8,3
10/15/2021 19:36,275,0,vendredi,18.4,0,3
10/8/2021 18:51,1371,0,vendredi,15.4,0,2
10/22/2021 18:56,1057,0,vendredi,8.7,13.8,2
10/15/2021 18:55,664,0,vendredi,18.4,0,2
10/29/2021 17:46,1412,0,vendredi,7.8,0,2
10/8/2021 18:52,705,0,vendredi,15.4,0,2
5/3/2021 7:49,1240,0,lundi,7.6,0,1
5/3/2021 8:02,711,0,lundi,7.6,0,1
5/24/2021 9:06,597,0,lundi,14.4,0,1
5/3/2021 7:40,657,0,lundi,7.6,0,1
5/24/2021 8:41,1472,0,lundi,14.4,0,1
5/31/2021 13:47,491,0,lundi,15.7,0,3
5/31/2021 19:19,1649,0,lundi,15.7,0,3
5/31/2021 11:21,565,0,lundi,15.7,0,3
5/10/2021 21:10,899,0,lundi,11.4,0,3
5/10/2021 12:52,2149,0,lundi,11.4,0,3
5/10/2021 17:59,1682,0,lundi,11.4,0,2
5/31/2021 17:24,778,0,lundi,15.7,0,2
5/17/2021 18:19,689,0,lundi,17.9,0.2,2
5/24/2021 17:06,5528,0,lundi,14.4,0,2
5/10/2021 15:08,3062,0,lundi,11.4,0,2
6/21/2021 9:05,441,0,lundi,24.1,2.9,1
6/21/2021 7:32,569,0,lundi,24.1,2.9,1
6/28/2021 6:30,93,0,lundi,27,2.3,1
6/21/2021 8:44,1451,0,lundi,24.1,2.9,1
6/28/2021 9:21,413,0,lundi,27,2.3,1
6/28/2021 20:47,682,0,lundi,27,2.3,3
6/28/2021 20:09,807,0,lundi,27,2.3,3
6/28/2021 19:18,215,0,lundi,27,2.3,3
6/7/2021 20:43,1023,0,lundi,27.6,0,3
6/28/2021 22:10,386,0,lundi,27,2.3,3
6/14/2021 18:43,144,0,lundi,20.6,7.8,2
6/28/2021 18:23,740,0,lundi,27,2.3,2
6/21/2021 17:38,415,0,lundi,24.1,2.9,2
6/21/2021 17:01,617,0,lundi,24.1,2.9,2
6/28/2021 17:19,1344,0,lundi,27,2.3,2
7/19/2021 8:32,1030,0,lundi,23.3,0,1
7/5/2021 9:41,615,0,lundi,20.2,0,1
7/26/2021 8:49,1459,0,lundi,23.5,0,1
7/5/2021 9:01,226,0,lundi,20.2,0,1
7/5/2021 6:43,370,0,lundi,20.2,0,1
7/12/2021 10:55,665,0,lundi,23.1,0,3
7/5/2021 12:36,188,0,lundi,20.2,0,3
7/26/2021 23:18,2707,0,lundi,23.5,0,3
7/5/2021 2:13,1182,0,lundi,20.2,0,3
7/5/2021 22:43,2251,0,lundi,20.2,0,3
7/26/2021 15:27,1642,0,lundi,23.5,0,2
7/5/2021 15:20,621,0,lundi,20.2,0,2
7/26/2021 18:06,1944,0,lundi,23.5,0,2
7/5/2021 16:04,619,0,lundi,20.2,0,2
7/26/2021 15:55,805,0,lundi,23.5,0,2
8/16/2021 8:38,673,0,lundi,19.5,0,1
8/16/2021 9:05,994,0,lundi,19.5,0,1
8/16/2021 8:03,620,0,lundi,19.5,0,1
8/2/2021 9:26,697,0,lundi,18.8,0,1
8/30/2021 8:30,754,0,lundi,24.8,5.3,1
8/2/2021 21:29,1083,0,lundi,18.8,0,3
8/23/2021 10:13,1358,0,lundi,26.7,0,3
8/30/2021 22:55,1081,0,lundi,24.8,5.3,3
8/2/2021 20:19,1514,0,lundi,18.8,0,3
8/23/2021 13:12,701,0,lundi,26.7,0,3
8/2/2021 17:23,2263,0,lundi,18.8,0,2
8/2/2021 17:17,1185,0,lundi,18.8,0,2
8/16/2021 18:59,475,0,lundi,19.5,0,2
8/30/2021 18:47,753,0,lundi,24.8,5.3,2
8/30/2021 18:56,616,0,lundi,24.8,5.3,2
9/6/2021 8:58,491,0,lundi,17.4,6.3,1
9/27/2021 8:31,778,0,lundi,13.6,3.1,1
9/27/2021 8:58,447,0,lundi,13.6,3.1,1
9/27/2021 6:39,1277,0,lundi,13.6,3.1,1
9/27/2021 9:09,735,0,lundi,13.6,3.1,1
9/6/2021 5:52,753,0,lundi,17.4,6.3,3
9/13/2021 21:53,605,0,lundi,17.3,0.2,3
9/20/2021 14:50,937,0,lundi,17.3,0,3
9/6/2021 5:24,692,0,lundi,17.4,6.3,3
9/27/2021 19:53,724,0,lundi,13.6,3.1,3
9/20/2021 16:38,967,0,lundi,17.3,0,2
9/13/2021 17:08,1030,0,lundi,17.3,0.2,2
9/20/2021 17:05,433,0,lundi,17.3,0,2
9/27/2021 17:57,414,0,lundi,13.6,3.1,2
9/27/2021 17:18,1814,0,lundi,13.6,3.1,2
10/25/2021 8:31,442,0,lundi,6.5,0.5,1
10/4/2021 8:24,524,0,lundi,12.2,0,1
10/18/2021 8:15,1491,0,lundi,9.7,0.7,1
10/4/2021 9:22,302,0,lundi,12.2,0,1
10/25/2021 7:37,487,0,lundi,6.5,0.5,1
10/4/2021 21:30,939,0,lundi,12.2,0,3
10/11/2021 12:45,1415,0,lundi,18.4,0,3
10/25/2021 19:18,657,0,lundi,6.5,0.5,3
10/18/2021 20:21,620,0,lundi,9.7,0.7,3
10/11/2021 13:56,2095,0,lundi,18.4,0,3
10/11/2021 16:58,553,0,lundi,18.4,0,2
10/25/2021 16:49,1218,0,lundi,6.5,0.5,2
10/11/2021 17:07,3197,0,lundi,18.4,0,2
10/18/2021 18:37,997,0,lundi,9.7,0.7,2
10/11/2021 15:58,112,0,lundi,18.4,0,2
5/15/2021 7:41,1053,0,samedi,17.7,0.2,1
5/29/2021 9:57,485,0,samedi,11.4,0,1
5/8/2021 8:40,3599,0,samedi,11.7,0,1
5/22/2021 9:23,202,0,samedi,23.6,0.3,1
5/8/2021 7:38,330,0,samedi,11.7,0,1
5/29/2021 22:48,1156,0,samedi,11.4,0,3
5/29/2021 19:07,2330,0,samedi,11.4,0,3
5/29/2021 14:56,2658,0,samedi,11.4,0,3
5/15/2021 20:41,1242,0,samedi,17.7,0.2,3
5/8/2021 10:55,490,0,samedi,11.7,0,3
5/8/2021 17:00,2267,0,samedi,11.7,0,2
5/15/2021 17:03,876,0,samedi,17.7,0.2,2
5/22/2021 17:54,1723,0,samedi,23.6,0.3,2
5/15/2021 15:26,1791,0,samedi,17.7,0.2,2
5/15/2021 18:10,1844,0,samedi,17.7,0.2,2
6/12/2021 9:41,1013,0,samedi,19.3,0,1
6/19/2021 9:46,1054,0,samedi,20.7,1.9,1
6/19/2021 9:45,1458,0,samedi,20.7,1.9,1
6/12/2021 7:02,245,0,samedi,19.3,0,1
6/12/2021 9:07,566,0,samedi,19.3,0,1
6/12/2021 0:21,2369,0,samedi,19.3,0,3
6/12/2021 13:45,950,0,samedi,19.3,0,3
6/12/2021 20:42,2267,0,samedi,19.3,0,3
6/5/2021 2:16,980,0,samedi,22.4,14.2,3
6/12/2021 0:32,1193,0,samedi,19.3,0,3
6/19/2021 17:54,3703,0,samedi,20.7,1.9,2
6/12/2021 16:50,810,0,samedi,19.3,0,2
6/19/2021 18:44,1438,0,samedi,20.7,1.9,2
6/19/2021 15:27,562,0,samedi,20.7,1.9,2
6/5/2021 17:12,1407,0,samedi,22.4,14.2,2
7/24/2021 9:31,841,0,samedi,21.9,0.6,1
7/10/2021 9:51,615,0,samedi,19,0,1
7/17/2021 9:07,3479,0,samedi,21.7,0,1
7/3/2021 9:58,1502,0,samedi,16.5,0,1
7/10/2021 9:23,2220,0,samedi,19,0,1
7/24/2021 3:25,465,0,samedi,21.9,0.6,3
7/31/2021 11:29,458,0,samedi,17.9,0,3
7/3/2021 12:09,4130,0,samedi,16.5,0,3
7/24/2021 13:06,3750,0,samedi,21.9,0.6,3
7/24/2021 5:08,1689,0,samedi,21.9,0.6,3
7/10/2021 18:11,771,0,samedi,19,0,2
7/17/2021 17:00,1642,0,samedi,21.7,0,2
7/3/2021 18:15,807,0,samedi,16.5,0,2
7/3/2021 18:47,1413,0,samedi,16.5,0,2
7/3/2021 15:14,874,0,samedi,16.5,0,2
8/7/2021 9:38,192,0,samedi,23.6,0.8,1
8/21/2021 9:38,861,0,samedi,27.5,0,1
8/21/2021 7:02,3472,0,samedi,27.5,0,1
8/21/2021 9:27,1192,0,samedi,27.5,0,1
8/28/2021 8:37,280,0,samedi,18.9,0,1
8/28/2021 3:29,783,0,samedi,18.9,0,3
8/21/2021 10:25,3204,0,samedi,27.5,0,3
8/14/2021 20:11,1153,0,samedi,20.9,0.2,3
8/7/2021 11:37,625,0,samedi,23.6,0.8,3
8/14/2021 14:06,891,0,samedi,20.9,0.2,3
8/7/2021 17:51,2616,0,samedi,23.6,0.8,2
8/14/2021 17:21,3994,0,samedi,20.9,0.2,2
8/21/2021 17:47,296,0,samedi,27.5,0,2
8/7/2021 18:44,486,0,samedi,23.6,0.8,2
8/14/2021 16:10,281,0,samedi,20.9,0.2,2
9/4/2021 9:39,283,0,samedi,19,0,1
9/25/2021 9:38,1355,0,samedi,16.7,0,1
9/4/2021 7:27,172,0,samedi,19,0,1
9/25/2021 9:25,995,0,samedi,16.7,0,1
9/4/2021 8:43,605,0,samedi,19,0,1
9/18/2021 20:18,989,0,samedi,18.7,0,3
9/18/2021 19:43,1038,0,samedi,18.7,0,3
9/25/2021 19:58,1296,0,samedi,16.7,0,3
9/4/2021 13:44,270,0,samedi,19,0,3
9/11/2021 21:12,835,0,samedi,18.4,0,3
9/11/2021 15:47,244,0,samedi,18.4,0,2
9/11/2021 17:11,735,0,samedi,18.4,0,2
9/18/2021 17:00,1146,0,samedi,18.7,0,2
9/4/2021 17:44,336,0,samedi,19,0,2
9/11/2021 17:13,1462,0,samedi,18.4,0,2
10/9/2021 6:53,478,0,samedi,16,0,1
10/2/2021 7:45,557,0,samedi,11.9,11.4,1
10/30/2021 7:14,649,0,samedi,8.2,11.6,1
10/16/2021 6:59,176,0,samedi,15.8,18.7,1
10/9/2021 9:43,2061,0,samedi,16,0,1
10/9/2021 0:02,1031,0,samedi,16,0,3
10/9/2021 22:52,997,0,samedi,16,0,3
10/23/2021 12:16,1189,0,samedi,4.9,0,3
10/23/2021 14:23,1777,0,samedi,4.9,0,3
10/9/2021 10:29,3221,0,samedi,16,0,3
10/23/2021 16:11,860,0,samedi,4.9,0,2
10/30/2021 18:37,1018,0,samedi,8.2,11.6,2
10/2/2021 17:42,553,0,samedi,11.9,11.4,2
10/9/2021 16:47,2393,0,samedi,16,0,2
10/2/2021 15:03,338,0,samedi,11.9,11.4,2
5/30/2021 9:58,675,0,dimanche,13.6,0.9,1
5/16/2021 9:58,616,0,dimanche,15.8,0.3,1
5/30/2021 8:24,375,0,dimanche,13.6,0.9,1
5/2/2021 8:27,408,0,dimanche,10,0,1
5/30/2021 9:11,1434,0,dimanche,13.6,0.9,1
5/2/2021 12:44,451,0,dimanche,10,0,3
5/16/2021 14:23,915,0,dimanche,15.8,0.3,3
5/30/2021 11:25,348,0,dimanche,13.6,0.9,3
5/23/2021 19:46,418,0,dimanche,15.8,0.5,3
5/23/2021 20:13,522,0,dimanche,15.8,0.5,3
5/23/2021 17:21,661,0,dimanche,15.8,0.5,2
5/30/2021 15:28,1087,0,dimanche,13.6,0.9,2
5/16/2021 18:08,1631,0,dimanche,15.8,0.3,2
5/9/2021 16:47,877,0,dimanche,11.4,0,2
5/9/2021 17:24,2904,0,dimanche,11.4,0,2
6/27/2021 9:06,382,0,dimanche,26.9,0,1
6/20/2021 8:49,3044,0,dimanche,21.8,0,1
6/20/2021 9:52,508,0,dimanche,21.8,0,1
6/27/2021 6:25,891,0,dimanche,26.9,0,1
6/20/2021 9:32,1852,0,dimanche,21.8,0,1
6/20/2021 2:07,142,0,dimanche,21.8,0,3
6/20/2021 14:01,205,0,dimanche,21.8,0,3
6/27/2021 22:33,2781,0,dimanche,26.9,0,3
6/6/2021 12:03,975,0,dimanche,24.5,0,3
6/27/2021 14:21,514,0,dimanche,26.9,0,3
6/13/2021 17:30,3140,0,dimanche,21.6,2.8,2
6/20/2021 17:46,2633,0,dimanche,21.8,0,2
6/20/2021 18:22,400,0,dimanche,21.8,0,2
6/27/2021 15:20,1369,0,dimanche,26.9,0,2
6/20/2021 17:02,1027,0,dimanche,21.8,0,2
7/18/2021 8:03,773,0,dimanche,21.8,0,1
7/11/2021 9:41,804,0,dimanche,21,0,1
7/4/2021 9:38,2910,0,dimanche,18.4,0,1
7/4/2021 8:40,809,0,dimanche,18.4,0,1
7/11/2021 9:40,542,0,dimanche,21,0,1
7/25/2021 20:59,1517,0,dimanche,22.8,13.9,3
7/11/2021 20:20,953,0,dimanche,21,0,3
7/25/2021 10:16,1130,0,dimanche,22.8,13.9,3
7/18/2021 19:22,100,0,dimanche,21.8,0,3
7/11/2021 14:09,1408,0,dimanche,21,0,3
7/4/2021 18:22,4974,0,dimanche,18.4,0,2
7/11/2021 18:23,694,0,dimanche,21,0,2
7/4/2021 17:30,562,0,dimanche,18.4,0,2
7/18/2021 15:40,502,0,dimanche,21.8,0,2
7/18/2021 18:54,665,0,dimanche,21.8,0,2
8/15/2021 9:22,1330,0,dimanche,18.2,0,1
8/8/2021 9:56,215,0,dimanche,24,0,1
8/22/2021 6:34,930,0,dimanche,28.2,0,1
8/8/2021 9:56,1032,0,dimanche,24,0,1
8/29/2021 8:25,216,0,dimanche,19.3,6.5,1
8/8/2021 13:57,953,0,dimanche,24,0,3
8/22/2021 0:39,466,0,dimanche,28.2,0,3
8/22/2021 13:35,736,0,dimanche,28.2,0,3
8/15/2021 14:46,69,0,dimanche,18.2,0,3
8/22/2021 2:55,504,0,dimanche,28.2,0,3
8/22/2021 17:32,1663,0,dimanche,28.2,0,2
8/29/2021 17:29,922,0,dimanche,19.3,6.5,2
8/1/2021 17:47,1980,0,dimanche,16.9,0,2
8/22/2021 17:42,743,0,dimanche,28.2,0,2
8/1/2021 17:01,1442,0,dimanche,16.9,0,2
9/19/2021 8:48,628,0,dimanche,15.4,0,1
9/5/2021 9:59,635,0,dimanche,19.5,13.6,1
9/5/2021 8:46,855,0,dimanche,19.5,13.6,1
9/19/2021 8:56,1300,0,dimanche,15.4,0,1
9/12/2021 9:35,539,0,dimanche,19.1,0,1
9/12/2021 11:10,1423,0,dimanche,19.1,0,3
9/19/2021 22:33,536,0,dimanche,15.4,0,3
9/12/2021 14:08,691,0,dimanche,19.1,0,3
9/5/2021 10:34,1349,0,dimanche,19.5,13.6,3
9/26/2021 3:19,743,0,dimanche,16.7,0,3
9/5/2021 18:58,591,0,dimanche,19.5,13.6,2
9/26/2021 16:36,2940,0,dimanche,16.7,0,2
9/26/2021 15:02,1013,0,dimanche,16.7,0,2
9/19/2021 15:34,662,0,dimanche,15.4,0,2
9/19/2021 17:02,770,0,dimanche,15.4,0,2
10/24/2021 9:25,292,0,dimanche,7.3,0,1
10/24/2021 9:00,617,0,dimanche,7.3,0,1
10/3/2021 9:28,431,0,dimanche,13,0.7,1
10/10/2021 6:49,559,0,dimanche,16.2,0,1
10/10/2021 9:22,1588,0,dimanche,16.2,0,1
10/31/2021 13:44,609,0,dimanche,9.6,37,3
10/10/2021 1:46,214,0,dimanche,16.2,0,3
10/24/2021 11:24,248,0,dimanche,7.3,0,3
10/17/2021 14:37,812,0,dimanche,11.1,0.2,3
10/10/2021 12:08,1085,0,dimanche,16.2,0,3
10/10/2021 16:40,990,0,dimanche,16.2,0,2
10/10/2021 18:04,1000,0,dimanche,16.2,0,2
10/17/2021 17:40,791,0,dimanche,11.1,0.2,2
10/10/2021 18:30,407,0,dimanche,16.2,0,2
10/3/2021 17:00,1266,0,dimanche,13,0.7,2
5/13/2021 9:33,984,0,jeudi,13.4,0,1
5/13/2021 6:35,624,0,jeudi,13.4,0,1
5/27/2021 9:14,323,0,jeudi,11.5,0,1
5/27/2021 8:56,543,0,jeudi,11.5,0,1
5/20/2021 8:35,860,0,jeudi,23.4,0,1
5/20/2021 13:45,1914,0,jeudi,23.4,0,3
5/27/2021 13:20,1223,0,jeudi,11.5,0,3
5/27/2021 13:12,1284,0,jeudi,11.5,0,3
5/6/2021 13:39,526,0,jeudi,10.2,0,3
5/6/2021 11:17,785,0,jeudi,10.2,0,3
5/27/2021 18:39,850,0,jeudi,11.5,0,2
5/13/2021 17:32,572,0,jeudi,13.4,0,2
5/6/2021 15:41,434,0,jeudi,10.2,0,2
5/6/2021 17:17,4181,0,jeudi,10.2,0,2
5/20/2021 18:41,3071,0,jeudi,23.4,0,2
6/17/2021 8:53,938,0,jeudi,18.2,0,1
6/17/2021 7:05,1458,0,jeudi,18.2,0,1
6/10/2021 7:23,785,0,jeudi,18.5,0,1
6/3/2021 7:45,297,0,jeudi,17.5,6.3,1
6/10/2021 6:11,226,0,jeudi,18.5,0,1
6/3/2021 1:05,1058,0,jeudi,17.5,6.3,3
6/17/2021 21:44,727,0,jeudi,18.2,0,3
6/24/2021 23:24,2859,0,jeudi,20.4,0,3
6/10/2021 2:19,6078,0,jeudi,18.5,0,3
6/17/2021 22:53,1073,0,jeudi,18.2,0,3
6/10/2021 17:56,555,0,jeudi,18.5,0,2
6/17/2021 16:32,1135,0,jeudi,18.2,0,2
6/17/2021 16:59,533,0,jeudi,18.2,0,2
6/17/2021 18:05,1608,0,jeudi,18.2,0,2
6/10/2021 16:06,782,0,jeudi,18.5,0,2
7/29/2021 8:50,985,0,jeudi,17.7,0.7,1
7/8/2021 8:00,923,0,jeudi,17.2,16.1,1
7/8/2021 8:23,1811,0,jeudi,17.2,16.1,1
7/15/2021 9:57,395,0,jeudi,25.3,3.2,1
7/15/2021 6:47,811,0,jeudi,25.3,3.2,1
7/8/2021 14:06,1013,0,jeudi,17.2,16.1,3
7/1/2021 20:37,416,0,jeudi,20.6,0,3
7/1/2021 21:24,2622,0,jeudi,20.6,0,3
7/22/2021 12:30,763,0,jeudi,19.6,0,3
7/29/2021 0:03,2179,0,jeudi,17.7,0.7,3
7/1/2021 17:13,4216,0,jeudi,20.6,0,2
7/15/2021 15:55,1182,0,jeudi,25.3,3.2,2
7/1/2021 17:23,1757,0,jeudi,20.6,0,2
7/29/2021 15:40,736,0,jeudi,17.7,0.7,2
7/22/2021 17:07,758,0,jeudi,19.6,0,2
8/19/2021 6:42,665,0,jeudi,23.7,0.5,1
8/12/2021 8:21,674,0,jeudi,26.9,0,1
8/12/2021 8:25,566,0,jeudi,26.9,0,1
8/26/2021 8:18,732,0,jeudi,27.6,0,1
8/19/2021 9:06,991,0,jeudi,23.7,0.5,1
8/12/2021 23:33,877,0,jeudi,26.9,0,3
8/26/2021 11:58,2568,0,jeudi,27.6,0,3
8/26/2021 14:34,925,0,jeudi,27.6,0,3
8/26/2021 12:27,524,0,jeudi,27.6,0,3
8/12/2021 11:19,288,0,jeudi,26.9,0,3
8/5/2021 16:09,691,0,jeudi,22.1,0,2
8/5/2021 18:32,1942,0,jeudi,22.1,0,2
8/19/2021 18:27,891,0,jeudi,23.7,0.5,2
8/19/2021 17:33,636,0,jeudi,23.7,0.5,2
8/19/2021 15:48,796,0,jeudi,23.7,0.5,2
9/9/2021 7:30,803,0,jeudi,19.5,1.6,1
9/30/2021 8:55,944,0,jeudi,11.3,0,1
9/2/2021 7:13,652,0,jeudi,15.6,0,1
9/30/2021 7:36,450,0,jeudi,11.3,0,1
9/2/2021 9:14,513,0,jeudi,15.6,0,1
9/9/2021 19:41,1332,0,jeudi,19.5,1.6,3
9/9/2021 22:13,658,0,jeudi,19.5,1.6,3
9/23/2021 19:21,469,0,jeudi,24.7,6.3,3
9/30/2021 13:23,358,0,jeudi,11.3,0,3
9/2/2021 21:15,405,0,jeudi,15.6,0,3
9/16/2021 17:14,2181,0,jeudi,16.9,0.2,2
9/2/2021 17:15,1808,0,jeudi,15.6,0,2
9/2/2021 18:13,1191,0,jeudi,15.6,0,2
9/23/2021 18:54,443,0,jeudi,24.7,6.3,2
9/2/2021 17:14,1030,0,jeudi,15.6,0,2
10/14/2021 7:47,759,0,jeudi,18.3,0,1
10/28/2021 8:13,749,0,jeudi,7.9,0,1
10/21/2021 6:42,505,0,jeudi,11.7,5.8,1
10/21/2021 8:14,649,0,jeudi,11.7,5.8,1
10/28/2021 7:43,590,0,jeudi,7.9,0,1
10/7/2021 19:08,968,0,jeudi,14.4,0,3
10/14/2021 10:47,705,0,jeudi,18.3,0,3
10/7/2021 19:05,594,0,jeudi,14.4,0,3
10/7/2021 10:56,1226,0,jeudi,14.4,0,3
10/28/2021 1:08,477,0,jeudi,7.9,0,3
10/7/2021 15:13,461,0,jeudi,14.4,0,2
10/7/2021 17:09,578,0,jeudi,14.4,0,2
10/7/2021 17:37,729,0,jeudi,14.4,0,2
10/14/2021 17:50,454,0,jeudi,18.3,0,2
10/28/2021 18:07,556,0,jeudi,7.9,0,2
5/25/2021 7:41,1147,0,mardi,19.7,0.5,1
5/4/2021 8:55,2035,0,mardi,11.7,0,1
5/25/2021 8:17,1029,0,mardi,19.7,0.5,1
5/18/2021 9:25,311,0,mardi,20,0,1
5/25/2021 8:53,464,0,mardi,19.7,0.5,1
5/25/2021 20:28,2620,0,mardi,19.7,0.5,3
5/18/2021 10:34,1337,0,mardi,20,0,3
5/25/2021 14:49,544,0,mardi,19.7,0.5,3
5/11/2021 13:30,709,0,mardi,9.8,0,3
5/11/2021 12:29,504,0,mardi,9.8,0,3
5/25/2021 18:47,483,0,mardi,19.7,0.5,2
5/25/2021 17:13,375,0,mardi,19.7,0.5,2
5/25/2021 17:08,704,0,mardi,19.7,0.5,2
5/25/2021 17:08,1971,0,mardi,19.7,0.5,2
5/11/2021 16:35,993,0,mardi,9.8,0,2
6/15/2021 7:38,1251,0,mardi,17.9,0,1
6/15/2021 9:39,514,0,mardi,17.9,0,1
6/8/2021 7:07,363,0,mardi,26.3,0,1
6/29/2021 8:31,308,0,mardi,25.6,0,1
6/1/2021 9:30,375,0,mardi,19.3,1.4,1
6/8/2021 22:55,548,0,mardi,26.3,0,3
6/29/2021 23:01,3236,0,mardi,25.6,0,3
6/15/2021 19:48,2035,0,mardi,17.9,0,3
6/15/2021 14:01,1777,0,mardi,17.9,0,3
6/29/2021 19:41,1074,0,mardi,25.6,0,3
6/29/2021 18:53,2646,0,mardi,25.6,0,2
6/1/2021 17:30,1657,0,mardi,19.3,1.4,2
6/22/2021 17:48,1160,0,mardi,15.5,0.2,2
6/8/2021 17:25,1117,0,mardi,26.3,0,2
6/29/2021 16:02,1137,0,mardi,25.6,0,2
7/27/2021 8:58,577,0,mardi,19,1.4,1
7/27/2021 8:40,571,0,mardi,19,1.4,1
7/6/2021 7:50,285,0,mardi,23.1,1.2,1
7/27/2021 9:33,944,0,mardi,19,1.4,1
7/27/2021 8:40,679,0,mardi,19,1.4,1
7/20/2021 23:11,593,0,mardi,21.2,9.6,3
7/13/2021 10:08,922,0,mardi,23.2,5.8,3
7/6/2021 14:09,471,0,mardi,23.1,1.2,3
7/27/2021 13:54,2305,0,mardi,19,1.4,3
7/13/2021 14:43,624,0,mardi,23.2,5.8,3
7/20/2021 17:19,789,0,mardi,21.2,9.6,2
7/20/2021 18:08,1004,0,mardi,21.2,9.6,2
7/13/2021 18:05,1086,0,mardi,23.2,5.8,2
7/27/2021 17:13,3120,0,mardi,19,1.4,2
7/27/2021 18:15,977,0,mardi,19,1.4,2
8/10/2021 6:30,859,0,mardi,26.5,10.4,1
8/17/2021 9:30,341,0,mardi,21.2,0,1
8/24/2021 7:38,759,0,mardi,27.2,0,1
8/3/2021 9:25,1352,0,mardi,21.5,0.2,1
8/17/2021 7:50,250,0,mardi,21.2,0,1
8/31/2021 19:59,958,0,mardi,20.6,0,3
8/3/2021 0:39,1333,0,mardi,21.5,0.2,3
8/17/2021 20:30,825,0,mardi,21.2,0,3
8/17/2021 0:35,1064,0,mardi,21.2,0,3
8/10/2021 20:02,1237,0,mardi,26.5,10.4,3
8/17/2021 18:29,1440,0,mardi,21.2,0,2
8/31/2021 18:07,640,0,mardi,20.6,0,2
8/24/2021 16:08,687,0,mardi,27.2,0,2
8/10/2021 15:10,439,0,mardi,26.5,10.4,2
8/24/2021 18:47,509,0,mardi,27.2,0,2
9/21/2021 6:13,1240,0,mardi,20.2,0,1
9/7/2021 8:17,518,0,mardi,17.9,0,1
9/7/2021 6:43,1918,0,mardi,17.9,0,1
9/21/2021 8:46,437,0,mardi,20.2,0,1
9/14/2021 9:51,380,0,mardi,16.7,0,1
9/7/2021 20:06,243,0,mardi,17.9,0,3
9/21/2021 20:13,1247,0,mardi,20.2,0,3
9/21/2021 0:39,1416,0,mardi,20.2,0,3
9/14/2021 19:04,635,0,mardi,16.7,0,3
9/14/2021 21:11,1130,0,mardi,16.7,0,3
9/7/2021 17:33,330,0,mardi,17.9,0,2
9/28/2021 17:14,600,0,mardi,10.5,0.2,2
9/7/2021 15:35,1301,0,mardi,17.9,0,2
9/21/2021 17:52,1168,0,mardi,20.2,0,2
9/14/2021 16:52,766,0,mardi,16.7,0,2
10/5/2021 6:27,250,0,mardi,13.1,0,1
10/12/2021 8:02,304,0,mardi,18.5,0,1
10/19/2021 7:49,600,0,mardi,8.8,0,1
10/19/2021 8:24,2160,0,mardi,8.8,0,1
10/19/2021 8:47,642,0,mardi,8.8,0,1
10/5/2021 23:38,505,0,mardi,13.1,0,3
10/12/2021 23:42,1142,0,mardi,18.5,0,3
10/5/2021 21:23,447,0,mardi,13.1,0,3
10/12/2021 23:22,132,0,mardi,18.5,0,3
10/12/2021 2:18,5564,0,mardi,18.5,0,3
10/12/2021 18:18,258,0,mardi,18.5,0,2
10/5/2021 17:41,2484,0,mardi,13.1,0,2
10/12/2021 15:19,194,0,mardi,18.5,0,2
10/12/2021 16:38,509,0,mardi,18.5,0,2
10/5/2021 18:58,678,0,mardi,13.1,0,2
5/26/2021 7:55,737,0,mercredi,24,0.4,1
5/12/2021 8:13,1408,0,mercredi,12,0,1
5/5/2021 9:38,414,0,mercredi,10.7,0.8,1
5/19/2021 9:45,1825,0,mercredi,19.2,0,1
5/19/2021 8:09,2254,0,mercredi,19.2,0,1
5/19/2021 12:50,2142,0,mercredi,19.2,0,3
5/12/2021 21:28,510,0,mercredi,12,0,3
5/19/2021 14:19,1707,0,mercredi,19.2,0,3
5/26/2021 10:29,2572,0,mercredi,24,0.4,3
5/5/2021 19:21,481,0,mercredi,10.7,0.8,3
5/19/2021 18:24,3168,0,mercredi,19.2,0,2
5/19/2021 17:39,915,0,mercredi,19.2,0,2
5/19/2021 16:01,599,0,mercredi,19.2,0,2
5/19/2021 16:05,244,0,mercredi,19.2,0,2
5/5/2021 18:21,914,0,mercredi,10.7,0.8,2
6/30/2021 8:46,585,0,mercredi,23.4,31.7,1
6/16/2021 7:41,1374,0,mercredi,15.2,0,1
6/23/2021 7:24,441,0,mercredi,14.5,0,1
6/23/2021 8:41,969,0,mercredi,14.5,0,1
6/30/2021 8:36,1423,0,mercredi,23.4,31.7,1
6/16/2021 19:10,4346,0,mercredi,15.2,0,3
6/2/2021 0:42,4865,0,mercredi,20.9,0,3
6/30/2021 14:07,820,0,mercredi,23.4,31.7,3
6/2/2021 20:09,3861,0,mercredi,20.9,0,3
6/23/2021 22:00,459,0,mercredi,14.5,0,3
6/16/2021 15:17,1447,0,mercredi,15.2,0,2
6/23/2021 17:10,1662,0,mercredi,14.5,0,2
6/23/2021 16:20,241,0,mercredi,14.5,0,2
6/23/2021 16:09,949,0,mercredi,14.5,0,2
6/9/2021 16:05,501,0,mercredi,24.1,0,2
7/14/2021 7:54,1279,0,mercredi,24.2,0,1
7/7/2021 7:41,255,0,mercredi,16.4,0,1
7/14/2021 8:46,168,0,mercredi,24.2,0,1
7/21/2021 7:35,999,0,mercredi,20,1.5,1
7/7/2021 7:08,1031,0,mercredi,16.4,0,1
7/21/2021 20:52,1875,0,mercredi,20,1.5,3
7/7/2021 12:38,1101,0,mercredi,16.4,0,3
7/28/2021 14:17,1824,0,mercredi,19.2,0,3
7/7/2021 0:17,804,0,mercredi,16.4,0,3
7/28/2021 21:39,2640,0,mercredi,19.2,0,3
7/21/2021 18:18,596,0,mercredi,20,1.5,2
7/28/2021 18:55,1339,0,mercredi,19.2,0,2
7/14/2021 15:28,267,0,mercredi,24.2,0,2
7/28/2021 15:18,1283,0,mercredi,19.2,0,2
7/21/2021 17:27,1436,0,mercredi,20,1.5,2
8/25/2021 9:02,716,0,mercredi,26.6,0,1
8/4/2021 8:40,673,0,mercredi,21.1,0.2,1
8/18/2021 9:55,833,0,mercredi,25.4,0,1
8/18/2021 9:18,863,0,mercredi,25.4,0,1
8/4/2021 9:37,419,0,mercredi,21.1,0.2,1
8/25/2021 22:13,479,0,mercredi,26.6,0,3
8/18/2021 20:35,470,0,mercredi,25.4,0,3
8/18/2021 12:46,764,0,mercredi,25.4,0,3
8/18/2021 14:51,351,0,mercredi,25.4,0,3
8/25/2021 13:06,1377,0,mercredi,26.6,0,3
8/11/2021 18:47,929,0,mercredi,27,5,2
8/4/2021 18:28,3605,0,mercredi,21.1,0.2,2
8/11/2021 16:38,402,0,mercredi,27,5,2
8/4/2021 18:31,257,0,mercredi,21.1,0.2,2
8/4/2021 15:21,2413,0,mercredi,21.1,0.2,2
9/29/2021 9:39,2161,0,mercredi,11.2,0,1
9/1/2021 9:08,451,0,mercredi,18,0,1
9/22/2021 8:35,637,0,mercredi,20.8,0.2,1
9/29/2021 7:21,968,0,mercredi,11.2,0,1
9/22/2021 7:25,1694,0,mercredi,20.8,0.2,1
9/1/2021 0:50,1132,0,mercredi,18,0,3
9/22/2021 14:07,267,0,mercredi,20.8,0.2,3
9/15/2021 0:36,2352,0,mercredi,17.6,11.1,3
9/15/2021 12:13,524,0,mercredi,17.6,11.1,3
9/8/2021 20:24,136,0,mercredi,18.6,1,3
9/1/2021 18:34,2894,0,mercredi,18,0,2
9/8/2021 18:07,181,0,mercredi,18.6,1,2
9/1/2021 15:33,416,0,mercredi,18,0,2
9/22/2021 15:06,781,0,mercredi,20.8,0.2,2
9/22/2021 18:49,675,0,mercredi,20.8,0.2,2
10/13/2021 7:10,566,0,mercredi,16.7,0,1
10/20/2021 8:16,2204,0,mercredi,11.8,0,1
10/27/2021 9:28,114,0,mercredi,9.6,0,1
10/27/2021 8:31,628,0,mercredi,9.6,0,1
10/20/2021 9:41,480,0,mercredi,11.8,0,1
10/20/2021 13:43,771,0,mercredi,11.8,0,3
10/27/2021 21:36,2013,0,mercredi,9.6,0,3
10/13/2021 1:55,2290,0,mercredi,16.7,0,3
10/20/2021 12:48,1254,0,mercredi,11.8,0,3
10/6/2021 19:57,875,0,mercredi,14.3,0,3
10/6/2021 18:09,263,0,mercredi,14.3,0,2
10/13/2021 18:36,160,0,mercredi,16.7,0,2
10/20/2021 17:04,3621,0,mercredi,11.8,0,2
10/13/2021 16:34,472,0,mercredi,16.7,0,2
10/6/2021 18:46,4232,0,mercredi,14.3,0,2
5/21/2021 7:48,834,1,vendredi,25.3,0,1
5/7/2021 7:41,557,1,vendredi,9.7,0,1
5/7/2021 7:13,439,1,vendredi,9.7,0,1
5/21/2021 8:01,1983,1,vendredi,25.3,0,1
5/28/2021 8:30,720,1,vendredi,7.8,0,1
5/28/2021 21:22,2273,1,vendredi,7.8,0,3
5/28/2021 22:58,445,1,vendredi,7.8,0,3
5/21/2021 20:37,1334,1,vendredi,25.3,0,3
5/21/2021 1:04,337,1,vendredi,25.3,0,3
5/21/2021 19:19,703,1,vendredi,25.3,0,3
5/7/2021 16:56,1491,1,vendredi,9.7,0,2
5/7/2021 18:32,1133,1,vendredi,9.7,0,2
5/28/2021 15:30,847,1,vendredi,7.8,0,2
5/21/2021 17:43,732,1,vendredi,25.3,0,2
5/21/2021 18:32,323,1,vendredi,25.3,0,2
6/11/2021 9:21,981,1,vendredi,19.7,0.2,1
6/4/2021 8:55,630,1,vendredi,22,0,1
6/18/2021 8:46,1399,1,vendredi,21.2,4.8,1
6/4/2021 9:57,332,1,vendredi,22,0,1
6/11/2021 7:45,487,1,vendredi,19.7,0.2,1
6/11/2021 1:36,1210,1,vendredi,19.7,0.2,3
6/4/2021 11:52,369,1,vendredi,22,0,3
6/25/2021 13:03,335,1,vendredi,22.2,0,3
6/18/2021 0:46,1159,1,vendredi,21.2,4.8,3
6/25/2021 13:38,663,1,vendredi,22.2,0,3
6/11/2021 18:55,535,1,vendredi,19.7,0.2,2
6/25/2021 16:08,718,1,vendredi,22.2,0,2
6/25/2021 15:44,833,1,vendredi,22.2,0,2
6/25/2021 17:46,739,1,vendredi,22.2,0,2
6/11/2021 17:18,897,1,vendredi,19.7,0.2,2
7/9/2021 7:56,567,1,vendredi,18.1,0,1
7/9/2021 8:57,988,1,vendredi,18.1,0,1
7/30/2021 9:00,1237,1,vendredi,16.5,0,1
7/2/2021 6:25,253,1,vendredi,17.6,0,1
7/30/2021 7:38,475,1,vendredi,16.5,0,1
7/30/2021 19:31,631,1,vendredi,16.5,0,3
7/9/2021 0:39,424,1,vendredi,18.1,0,3
7/23/2021 14:42,369,1,vendredi,21,0,3
7/16/2021 0:18,409,1,vendredi,22,0,3
7/23/2021 13:39,298,1,vendredi,21,0,3
7/30/2021 18:00,255,1,vendredi,16.5,0,2
7/16/2021 18:29,629,1,vendredi,22,0,2
7/9/2021 17:32,295,1,vendredi,18.1,0,2
7/30/2021 15:44,347,1,vendredi,16.5,0,2
7/9/2021 15:31,478,1,vendredi,18.1,0,2
8/20/2021 6:37,1372,1,vendredi,25.9,0,1
8/13/2021 8:36,1275,1,vendredi,27,0.2,1
8/13/2021 8:47,244,1,vendredi,27,0.2,1
8/6/2021 6:14,486,1,vendredi,25.1,0.2,1
8/6/2021 6:34,1157,1,vendredi,25.1,0.2,1
8/27/2021 21:00,483,1,vendredi,21.2,0,3
8/27/2021 20:35,289,1,vendredi,21.2,0,3
8/27/2021 23:00,313,1,vendredi,21.2,0,3
8/27/2021 12:17,2355,1,vendredi,21.2,0,3
8/27/2021 12:10,612,1,vendredi,21.2,0,3
8/27/2021 17:17,471,1,vendredi,21.2,0,2
8/27/2021 17:27,594,1,vendredi,21.2,0,2
8/13/2021 17:02,591,1,vendredi,27,0.2,2
8/13/2021 17:32,491,1,vendredi,27,0.2,2
8/20/2021 15:30,560,1,vendredi,25.9,0,2
9/10/2021 7:26,1555,1,vendredi,17.1,0.3,1
9/3/2021 9:57,976,1,vendredi,18,0,1
9/3/2021 9:03,645,1,vendredi,18,0,1
9/10/2021 8:36,796,1,vendredi,17.1,0.3,1
9/10/2021 7:38,908,1,vendredi,17.1,0.3,1
9/17/2021 23:54,606,1,vendredi,19.8,0,3
9/17/2021 13:53,316,1,vendredi,19.8,0,3
9/3/2021 20:11,137,1,vendredi,18,0,3
9/3/2021 22:27,251,1,vendredi,18,0,3
9/17/2021 5:51,1620,1,vendredi,19.8,0,3
9/24/2021 15:46,809,1,vendredi,18.3,26.5,2
9/10/2021 18:05,866,1,vendredi,17.1,0.3,2
9/3/2021 15:02,828,1,vendredi,18,0,2
9/24/2021 17:26,375,1,vendredi,18.3,26.5,2
9/17/2021 15:19,534,1,vendredi,19.8,0,2
10/22/2021 6:50,1644,1,vendredi,8.7,13.8,1
10/8/2021 7:40,290,1,vendredi,15.4,0,1
10/29/2021 9:24,1332,1,vendredi,7.8,0,1
10/15/2021 7:48,857,1,vendredi,18.4,0,1
10/29/2021 7:58,1070,1,vendredi,7.8,0,1
10/8/2021 20:19,222,1,vendredi,15.4,0,3
10/8/2021 14:17,331,1,vendredi,15.4,0,3
10/1/2021 23:31,235,1,vendredi,12.5,0,3
10/29/2021 0:12,1578,1,vendredi,7.8,0,3
10/8/2021 19:17,2136,1,vendredi,15.4,0,3
10/15/2021 18:33,810,1,vendredi,18.4,0,2
10/8/2021 17:17,394,1,vendredi,15.4,0,2
10/1/2021 17:53,215,1,vendredi,12.5,0,2
10/1/2021 17:31,863,1,vendredi,12.5,0,2
10/1/2021 17:03,183,1,vendredi,12.5,0,2
5/3/2021 9:08,348,1,lundi,7.6,0,1
5/10/2021 7:41,223,1,lundi,11.4,0,1
5/31/2021 8:17,1453,1,lundi,15.7,0,1
5/31/2021 8:29,1065,1,lundi,15.7,0,1
5/17/2021 8:55,637,1,lundi,17.9,0.2,1
5/24/2021 20:14,402,1,lundi,14.4,0,3
5/24/2021 19:30,472,1,lundi,14.4,0,3
5/3/2021 5:52,299,1,lundi,7.6,0,3
5/31/2021 19:29,177,1,lundi,15.7,0,3
5/31/2021 20:51,746,1,lundi,15.7,0,3
5/3/2021 17:38,1172,1,lundi,7.6,0,2
5/17/2021 18:32,256,1,lundi,17.9,0.2,2
5/24/2021 16:50,1429,1,lundi,14.4,0,2
5/17/2021 16:28,1263,1,lundi,17.9,0.2,2
5/24/2021 16:27,1780,1,lundi,14.4,0,2
6/28/2021 7:15,1529,1,lundi,27,2.3,1
6/21/2021 9:47,1676,1,lundi,24.1,2.9,1
6/28/2021 6:22,425,1,lundi,27,2.3,1
6/28/2021 8:34,257,1,lundi,27,2.3,1
6/28/2021 7:56,333,1,lundi,27,2.3,1
6/28/2021 11:44,431,1,lundi,27,2.3,3
6/21/2021 14:33,178,1,lundi,24.1,2.9,3
6/14/2021 14:44,444,1,lundi,20.6,7.8,3
6/14/2021 21:01,1700,1,lundi,20.6,7.8,3
6/21/2021 22:43,467,1,lundi,24.1,2.9,3
6/7/2021 18:01,244,1,lundi,27.6,0,2
6/28/2021 16:36,1608,1,lundi,27,2.3,2
6/21/2021 15:41,1543,1,lundi,24.1,2.9,2
6/21/2021 17:58,667,1,lundi,24.1,2.9,2
6/21/2021 17:37,347,1,lundi,24.1,2.9,2
7/19/2021 6:56,313,1,lundi,23.3,0,1
7/26/2021 9:39,992,1,lundi,23.5,0,1
7/19/2021 8:42,914,1,lundi,23.3,0,1
7/12/2021 6:26,360,1,lundi,23.1,0,1
7/5/2021 7:42,936,1,lundi,20.2,0,1
7/12/2021 13:34,1241,1,lundi,23.1,0,3
7/12/2021 12:26,1898,1,lundi,23.1,0,3
7/5/2021 14:31,470,1,lundi,20.2,0,3
7/26/2021 21:44,656,1,lundi,23.5,0,3
7/19/2021 14:15,1197,1,lundi,23.3,0,3
7/26/2021 17:26,296,1,lundi,23.5,0,2
7/5/2021 18:13,897,1,lundi,20.2,0,2
7/12/2021 17:53,357,1,lundi,23.1,0,2
7/19/2021 17:47,710,1,lundi,23.3,0,2
7/5/2021 16:13,129,1,lundi,20.2,0,2
8/23/2021 7:58,1485,1,lundi,26.7,0,1
8/30/2021 9:54,554,1,lundi,24.8,5.3,1
8/16/2021 9:39,850,1,lundi,19.5,0,1
8/9/2021 8:34,630,1,lundi,25.2,0.2,1
8/2/2021 9:37,1115,1,lundi,18.8,0,1
8/9/2021 5:59,319,1,lundi,25.2,0.2,3
8/23/2021 20:38,538,1,lundi,26.7,0,3
8/16/2021 12:03,491,1,lundi,19.5,0,3
8/9/2021 11:55,148,1,lundi,25.2,0.2,3
8/9/2021 14:11,290,1,lundi,25.2,0.2,3
8/30/2021 15:13,1794,1,lundi,24.8,5.3,2
8/16/2021 16:15,693,1,lundi,19.5,0,2
8/30/2021 18:53,413,1,lundi,24.8,5.3,2
8/30/2021 17:45,2028,1,lundi,24.8,5.3,2
8/16/2021 16:46,372,1,lundi,19.5,0,2
9/13/2021 7:42,862,1,lundi,17.3,0.2,1
9/13/2021 8:33,1531,1,lundi,17.3,0.2,1
9/13/2021 8:37,178,1,lundi,17.3,0.2,1
9/13/2021 8:58,446,1,lundi,17.3,0.2,1
9/20/2021 8:44,514,1,lundi,17.3,0,1
9/6/2021 20:25,269,1,lundi,17.4,6.3,3
9/13/2021 20:16,519,1,lundi,17.3,0.2,3
9/20/2021 19:07,1217,1,lundi,17.3,0,3
9/13/2021 20:56,577,1,lundi,17.3,0.2,3
9/20/2021 12:05,1061,1,lundi,17.3,0,3
9/20/2021 17:38,516,1,lundi,17.3,0,2
9/6/2021 18:02,723,1,lundi,17.4,6.3,2
9/13/2021 15:43,1416,1,lundi,17.3,0.2,2
9/20/2021 17:14,160,1,lundi,17.3,0,2
9/13/2021 18:04,631,1,lundi,17.3,0.2,2
10/11/2021 9:46,259,1,lundi,18.4,0,1
10/4/2021 8:24,574,1,lundi,12.2,0,1
10/4/2021 8:25,395,1,lundi,12.2,0,1
10/18/2021 7:47,445,1,lundi,9.7,0.7,1
10/25/2021 9:21,972,1,lundi,6.5,0.5,1
10/25/2021 19:18,454,1,lundi,6.5,0.5,3
10/11/2021 4:19,276,1,lundi,18.4,0,3
10/4/2021 11:47,270,1,lundi,12.2,0,3
10/4/2021 21:22,422,1,lundi,12.2,0,3
10/11/2021 2:21,488,1,lundi,18.4,0,3
10/18/2021 16:40,787,1,lundi,9.7,0.7,2
10/11/2021 15:08,162,1,lundi,18.4,0,2
10/11/2021 18:05,178,1,lundi,18.4,0,2
10/18/2021 17:55,606,1,lundi,9.7,0.7,2
10/11/2021 17:01,357,1,lundi,18.4,0,2
5/29/2021 9:42,1103,1,samedi,11.4,0,1
5/8/2021 7:34,78,1,samedi,11.7,0,1
5/29/2021 8:24,217,1,samedi,11.4,0,1
5/15/2021 8:32,256,1,samedi,17.7,0.2,1
5/15/2021 9:59,260,1,samedi,17.7,0.2,1
5/22/2021 14:33,1115,1,samedi,23.6,0.3,3
5/1/2021 19:20,540,1,samedi,5.9,0,3
5/29/2021 1:04,1105,1,samedi,11.4,0,3
5/29/2021 2:26,810,1,samedi,11.4,0,3
5/22/2021 12:58,874,1,samedi,23.6,0.3,3
5/8/2021 15:59,630,1,samedi,11.7,0,2
5/8/2021 18:09,742,1,samedi,11.7,0,2
5/29/2021 17:39,962,1,samedi,11.4,0,2
5/29/2021 16:49,747,1,samedi,11.4,0,2
5/29/2021 18:39,1349,1,samedi,11.4,0,2
6/19/2021 8:38,442,1,samedi,20.7,1.9,1
6/19/2021 8:09,192,1,samedi,20.7,1.9,1
6/12/2021 7:24,2138,1,samedi,19.3,0,1
6/19/2021 9:23,356,1,samedi,20.7,1.9,1
6/19/2021 6:14,328,1,samedi,20.7,1.9,1
6/19/2021 14:35,1262,1,samedi,20.7,1.9,3
6/5/2021 12:03,763,1,samedi,22.4,14.2,3
6/12/2021 11:13,1545,1,samedi,19.3,0,3
6/19/2021 19:19,2227,1,samedi,20.7,1.9,3
6/12/2021 12:39,1167,1,samedi,19.3,0,3
6/5/2021 16:43,937,1,samedi,22.4,14.2,2
6/19/2021 16:59,269,1,samedi,20.7,1.9,2
6/12/2021 16:05,445,1,samedi,19.3,0,2
6/12/2021 15:39,851,1,samedi,19.3,0,2
6/5/2021 16:26,421,1,samedi,22.4,14.2,2
7/3/2021 9:17,756,1,samedi,16.5,0,1
7/3/2021 7:38,799,1,samedi,16.5,0,1
7/10/2021 9:40,261,1,samedi,19,0,1
7/3/2021 8:37,811,1,samedi,16.5,0,1
7/3/2021 9:21,272,1,samedi,16.5,0,1
7/10/2021 10:50,492,1,samedi,19,0,3
7/10/2021 14:46,1408,1,samedi,19,0,3
7/31/2021 14:42,4676,1,samedi,17.9,0,3
7/31/2021 13:02,587,1,samedi,17.9,0,3
7/24/2021 19:21,218,1,samedi,21.9,0.6,3
7/3/2021 16:54,691,1,samedi,16.5,0,2
7/24/2021 15:36,2281,1,samedi,21.9,0.6,2
7/3/2021 16:32,232,1,samedi,16.5,0,2
7/24/2021 17:58,521,1,samedi,21.9,0.6,2
7/24/2021 15:56,786,1,samedi,21.9,0.6,2
8/7/2021 6:21,670,1,samedi,23.6,0.8,1
8/7/2021 8:45,1374,1,samedi,23.6,0.8,1
8/14/2021 9:12,1349,1,samedi,20.9,0.2,1
8/21/2021 9:36,302,1,samedi,27.5,0,1
8/7/2021 6:54,315,1,samedi,23.6,0.8,1
8/28/2021 12:10,219,1,samedi,18.9,0,3
8/14/2021 12:02,1350,1,samedi,20.9,0.2,3
8/14/2021 0:42,956,1,samedi,20.9,0.2,3
8/28/2021 0:11,345,1,samedi,18.9,0,3
8/21/2021 22:34,877,1,samedi,27.5,0,3
8/21/2021 15:08,384,1,samedi,27.5,0,2
8/7/2021 16:33,195,1,samedi,23.6,0.8,2
8/28/2021 15:48,284,1,samedi,18.9,0,2
8/14/2021 17:00,1121,1,samedi,20.9,0.2,2
8/14/2021 15:05,284,1,samedi,20.9,0.2,2
9/11/2021 7:50,1267,1,samedi,18.4,0,1
9/25/2021 9:09,339,1,samedi,16.7,0,1
9/4/2021 9:33,894,1,samedi,19,0,1
9/25/2021 9:38,849,1,samedi,16.7,0,1
9/4/2021 9:50,374,1,samedi,19,0,1
9/11/2021 12:26,689,1,samedi,18.4,0,3
9/18/2021 19:19,386,1,samedi,18.7,0,3
9/4/2021 11:43,773,1,samedi,19,0,3
9/18/2021 13:50,857,1,samedi,18.7,0,3
9/4/2021 11:45,852,1,samedi,19,0,3
9/18/2021 15:10,1386,1,samedi,18.7,0,2
9/18/2021 15:36,235,1,samedi,18.7,0,2
9/4/2021 15:20,470,1,samedi,19,0,2
9/18/2021 18:49,290,1,samedi,18.7,0,2
9/18/2021 17:54,680,1,samedi,18.7,0,2
10/30/2021 8:18,930,1,samedi,8.2,11.6,1
10/16/2021 7:11,237,1,samedi,15.8,18.7,1
10/16/2021 7:51,224,1,samedi,15.8,18.7,1
10/23/2021 8:37,424,1,samedi,4.9,0,1
10/2/2021 9:13,1037,1,samedi,11.9,11.4,1
10/9/2021 21:12,635,1,samedi,16,0,3
10/16/2021 13:48,110,1,samedi,15.8,18.7,3
10/23/2021 12:28,88,1,samedi,4.9,0,3
10/23/2021 20:58,1047,1,samedi,4.9,0,3
10/2/2021 22:04,156,1,samedi,11.9,11.4,3
10/16/2021 18:34,129,1,samedi,15.8,18.7,2
10/16/2021 17:31,260,1,samedi,15.8,18.7,2
10/23/2021 18:26,229,1,samedi,4.9,0,2
10/16/2021 16:12,292,1,samedi,15.8,18.7,2
10/30/2021 16:06,246,1,samedi,8.2,11.6,2
5/16/2021 9:07,1804,1,dimanche,15.8,0.3,1
5/30/2021 7:40,2344,1,dimanche,13.6,0.9,1
5/30/2021 8:25,1273,1,dimanche,13.6,0.9,1
5/9/2021 9:11,312,1,dimanche,11.4,0,1
5/16/2021 7:31,1209,1,dimanche,15.8,0.3,1
5/16/2021 12:27,633,1,dimanche,15.8,0.3,3
5/9/2021 13:45,2267,1,dimanche,11.4,0,3
5/2/2021 14:42,3218,1,dimanche,10,0,3
5/9/2021 12:16,1194,1,dimanche,11.4,0,3
5/23/2021 11:58,565,1,dimanche,15.8,0.5,3
5/16/2021 18:44,802,1,dimanche,15.8,0.3,2
5/2/2021 15:31,749,1,dimanche,10,0,2
5/23/2021 15:05,420,1,dimanche,15.8,0.5,2
5/9/2021 17:01,883,1,dimanche,11.4,0,2
5/23/2021 15:49,1588,1,dimanche,15.8,0.5,2
6/20/2021 9:19,472,1,dimanche,21.8,0,1
6/27/2021 9:35,86,1,dimanche,26.9,0,1
6/20/2021 8:14,6888,1,dimanche,21.8,0,1
6/13/2021 8:35,1687,1,dimanche,21.6,2.8,1
6/13/2021 9:36,292,1,dimanche,21.6,2.8,1
6/20/2021 12:41,2569,1,dimanche,21.8,0,3
6/6/2021 19:53,1390,1,dimanche,24.5,0,3
6/6/2021 21:18,77,1,dimanche,24.5,0,3
6/6/2021 11:58,442,1,dimanche,24.5,0,3
6/27/2021 20:52,1871,1,dimanche,26.9,0,3
6/6/2021 16:14,127,1,dimanche,24.5,0,2
6/6/2021 16:31,1697,1,dimanche,24.5,0,2
6/13/2021 17:17,840,1,dimanche,21.6,2.8,2
6/13/2021 17:24,1042,1,dimanche,21.6,2.8,2
6/27/2021 18:11,1075,1,dimanche,26.9,0,2
7/11/2021 7:44,1751,1,dimanche,21,0,1
7/25/2021 9:03,300,1,dimanche,22.8,13.9,1
7/4/2021 9:52,1635,1,dimanche,18.4,0,1
7/4/2021 9:58,297,1,dimanche,18.4,0,1
7/25/2021 8:26,250,1,dimanche,22.8,13.9,1
7/11/2021 23:36,392,1,dimanche,21,0,3
7/11/2021 13:58,666,1,dimanche,21,0,3
7/18/2021 14:22,482,1,dimanche,21.8,0,3
7/25/2021 12:05,365,1,dimanche,22.8,13.9,3
7/25/2021 14:40,1484,1,dimanche,22.8,13.9,3
7/25/2021 17:44,1852,1,dimanche,22.8,13.9,2
7/4/2021 16:27,529,1,dimanche,18.4,0,2
7/18/2021 17:08,409,1,dimanche,21.8,0,2
7/4/2021 15:21,344,1,dimanche,18.4,0,2
7/4/2021 17:27,444,1,dimanche,18.4,0,2
8/8/2021 9:05,244,1,dimanche,24,0,1
8/8/2021 7:33,692,1,dimanche,24,0,1
8/29/2021 8:09,255,1,dimanche,19.3,6.5,1
8/1/2021 7:42,567,1,dimanche,16.9,0,1
8/8/2021 7:50,1281,1,dimanche,24,0,1
8/15/2021 1:01,399,1,dimanche,18.2,0,3
8/1/2021 19:26,483,1,dimanche,16.9,0,3
8/15/2021 13:14,728,1,dimanche,18.2,0,3
8/15/2021 19:59,323,1,dimanche,18.2,0,3
8/8/2021 21:15,705,1,dimanche,24,0,3
8/29/2021 16:28,1695,1,dimanche,19.3,6.5,2
8/8/2021 17:35,426,1,dimanche,24,0,2
8/29/2021 16:51,205,1,dimanche,19.3,6.5,2
8/22/2021 17:09,390,1,dimanche,28.2,0,2
8/1/2021 15:10,746,1,dimanche,16.9,0,2
9/19/2021 9:54,1470,1,dimanche,15.4,0,1
9/19/2021 7:12,482,1,dimanche,15.4,0,1
9/12/2021 9:46,336,1,dimanche,19.1,0,1
9/5/2021 8:58,1175,1,dimanche,19.5,13.6,1
9/19/2021 7:07,448,1,dimanche,15.4,0,1
9/26/2021 10:40,643,1,dimanche,16.7,0,3
9/12/2021 19:26,541,1,dimanche,19.1,0,3
9/19/2021 1:11,1097,1,dimanche,15.4,0,3
9/19/2021 10:46,553,1,dimanche,15.4,0,3
9/26/2021 13:55,1280,1,dimanche,16.7,0,3
9/26/2021 16:56,375,1,dimanche,16.7,0,2
9/19/2021 15:37,338,1,dimanche,15.4,0,2
9/26/2021 15:35,1107,1,dimanche,16.7,0,2
9/12/2021 15:18,623,1,dimanche,19.1,0,2
9/12/2021 16:47,526,1,dimanche,19.1,0,2
10/24/2021 8:57,1315,1,dimanche,7.3,0,1
10/3/2021 8:08,879,1,dimanche,13,0.7,1
10/10/2021 6:58,68,1,dimanche,16.2,0,1
10/24/2021 9:30,899,1,dimanche,7.3,0,1
10/31/2021 6:16,370,1,dimanche,9.6,37,1
10/10/2021 12:25,1941,1,dimanche,16.2,0,3
10/17/2021 11:44,1156,1,dimanche,11.1,0.2,3
10/10/2021 0:50,227,1,dimanche,16.2,0,3
10/17/2021 13:44,670,1,dimanche,11.1,0.2,3
10/31/2021 5:03,684,1,dimanche,9.6,37,3
10/3/2021 17:16,828,1,dimanche,13,0.7,2
10/10/2021 18:12,512,1,dimanche,16.2,0,2
10/10/2021 18:14,548,1,dimanche,16.2,0,2
10/17/2021 17:58,484,1,dimanche,11.1,0.2,2
10/17/2021 15:50,1635,1,dimanche,11.1,0.2,2
5/27/2021 6:11,379,1,jeudi,11.5,0,1
5/20/2021 6:40,208,1,jeudi,23.4,0,1
5/13/2021 7:47,1124,1,jeudi,13.4,0,1
5/20/2021 8:40,167,1,jeudi,23.4,0,1
5/20/2021 9:07,314,1,jeudi,23.4,0,1
5/20/2021 14:41,393,1,jeudi,23.4,0,3
5/13/2021 19:22,1177,1,jeudi,13.4,0,3
5/20/2021 19:43,799,1,jeudi,23.4,0,3
5/27/2021 21:35,1192,1,jeudi,11.5,0,3
5/27/2021 19:03,1092,1,jeudi,11.5,0,3
5/20/2021 17:33,2418,1,jeudi,23.4,0,2
5/27/2021 18:37,1054,1,jeudi,11.5,0,2
5/27/2021 17:35,775,1,jeudi,11.5,0,2
5/20/2021 16:46,231,1,jeudi,23.4,0,2
5/13/2021 16:27,1229,1,jeudi,13.4,0,2
6/3/2021 8:13,391,1,jeudi,17.5,6.3,1
6/10/2021 9:02,661,1,jeudi,18.5,0,1
6/10/2021 9:06,269,1,jeudi,18.5,0,1
6/10/2021 8:29,884,1,jeudi,18.5,0,1
6/10/2021 8:00,756,1,jeudi,18.5,0,1
6/3/2021 12:51,1558,1,jeudi,17.5,6.3,3
6/10/2021 11:37,1904,1,jeudi,18.5,0,3
6/24/2021 0:03,350,1,jeudi,20.4,0,3
6/10/2021 20:38,905,1,jeudi,18.5,0,3
6/10/2021 19:27,787,1,jeudi,18.5,0,3
6/10/2021 18:29,699,1,jeudi,18.5,0,2
6/10/2021 15:15,401,1,jeudi,18.5,0,2
6/10/2021 17:50,1888,1,jeudi,18.5,0,2
6/24/2021 16:56,472,1,jeudi,20.4,0,2
6/10/2021 17:10,892,1,jeudi,18.5,0,2
7/15/2021 8:44,1237,1,jeudi,25.3,3.2,1
7/22/2021 8:46,1415,1,jeudi,19.6,0,1
7/22/2021 6:41,205,1,jeudi,19.6,0,1
7/1/2021 7:29,1388,1,jeudi,20.6,0,1
7/29/2021 9:25,328,1,jeudi,17.7,0.7,1
7/1/2021 19:11,547,1,jeudi,20.6,0,3
7/15/2021 13:10,564,1,jeudi,25.3,3.2,3
7/22/2021 11:09,174,1,jeudi,19.6,0,3
7/15/2021 21:34,796,1,jeudi,25.3,3.2,3
7/15/2021 5:39,441,1,jeudi,25.3,3.2,3
7/15/2021 17:21,532,1,jeudi,25.3,3.2,2
7/8/2021 17:13,595,1,jeudi,17.2,16.1,2
7/29/2021 17:58,6328,1,jeudi,17.7,0.7,2
7/15/2021 17:41,521,1,jeudi,25.3,3.2,2
7/29/2021 17:30,377,1,jeudi,17.7,0.7,2
8/12/2021 7:55,748,1,jeudi,26.9,0,1
8/12/2021 8:22,962,1,jeudi,26.9,0,1
8/19/2021 8:54,67,1,jeudi,23.7,0.5,1
8/12/2021 9:32,482,1,jeudi,26.9,0,1
8/26/2021 7:22,90,1,jeudi,27.6,0,1
8/5/2021 19:01,1543,1,jeudi,22.1,0,3
8/12/2021 20:27,331,1,jeudi,26.9,0,3
8/19/2021 21:36,588,1,jeudi,23.7,0.5,3
8/5/2021 22:28,545,1,jeudi,22.1,0,3
8/5/2021 21:17,960,1,jeudi,22.1,0,3
8/12/2021 17:35,181,1,jeudi,26.9,0,2
8/26/2021 18:30,681,1,jeudi,27.6,0,2
8/26/2021 17:42,1092,1,jeudi,27.6,0,2
8/12/2021 16:35,1323,1,jeudi,26.9,0,2
8/12/2021 17:15,553,1,jeudi,26.9,0,2
9/30/2021 8:42,551,1,jeudi,11.3,0,1
9/9/2021 7:45,1173,1,jeudi,19.5,1.6,1
9/16/2021 8:02,433,1,jeudi,16.9,0.2,1
9/23/2021 9:43,647,1,jeudi,24.7,6.3,1
9/30/2021 8:29,134,1,jeudi,11.3,0,1
9/16/2021 13:33,916,1,jeudi,16.9,0.2,3
9/2/2021 20:57,162,1,jeudi,15.6,0,3
9/2/2021 0:58,240,1,jeudi,15.6,0,3
9/16/2021 14:30,465,1,jeudi,16.9,0.2,3
9/23/2021 13:28,64,1,jeudi,24.7,6.3,3
9/30/2021 15:50,103,1,jeudi,11.3,0,2
9/16/2021 17:21,865,1,jeudi,16.9,0.2,2
9/30/2021 16:52,761,1,jeudi,11.3,0,2
9/23/2021 18:23,437,1,jeudi,24.7,6.3,2
9/2/2021 16:24,4065,1,jeudi,15.6,0,2
10/21/2021 7:51,477,1,jeudi,11.7,5.8,1
10/21/2021 7:38,983,1,jeudi,11.7,5.8,1
10/28/2021 9:49,823,1,jeudi,7.9,0,1
10/14/2021 9:09,552,1,jeudi,18.3,0,1
10/28/2021 7:24,524,1,jeudi,7.9,0,1
10/21/2021 10:16,386,1,jeudi,11.7,5.8,3
10/21/2021 13:32,1234,1,jeudi,11.7,5.8,3
10/7/2021 12:20,1007,1,jeudi,14.4,0,3
10/14/2021 14:46,1123,1,jeudi,18.3,0,3
10/21/2021 20:12,569,1,jeudi,11.7,5.8,3
10/28/2021 17:33,1213,1,jeudi,7.9,0,2
10/21/2021 18:05,592,1,jeudi,11.7,5.8,2
10/28/2021 18:15,130,1,jeudi,7.9,0,2
10/28/2021 16:06,277,1,jeudi,7.9,0,2
10/28/2021 18:43,1510,1,jeudi,7.9,0,2
5/25/2021 8:35,404,1,mardi,19.7,0.5,1
5/4/2021 8:11,1638,1,mardi,11.7,0,1
5/18/2021 9:41,667,1,mardi,20,0,1
5/18/2021 6:13,371,1,mardi,20,0,1
5/11/2021 7:00,363,1,mardi,9.8,0,1
5/25/2021 19:13,304,1,mardi,19.7,0.5,3
5/11/2021 19:20,176,1,mardi,9.8,0,3
5/11/2021 10:58,1004,1,mardi,9.8,0,3
5/18/2021 12:13,415,1,mardi,20,0,3
5/25/2021 21:00,144,1,mardi,19.7,0.5,3
5/25/2021 18:37,955,1,mardi,19.7,0.5,2
5/25/2021 16:29,1681,1,mardi,19.7,0.5,2
5/4/2021 16:32,594,1,mardi,11.7,0,2
5/18/2021 18:57,1248,1,mardi,20,0,2
5/11/2021 17:45,1191,1,mardi,9.8,0,2
6/1/2021 9:06,620,1,mardi,19.3,1.4,1
6/15/2021 7:18,591,1,mardi,17.9,0,1
6/29/2021 6:22,825,1,mardi,25.6,0,1
6/29/2021 6:24,1697,1,mardi,25.6,0,1
6/1/2021 8:37,1862,1,mardi,19.3,1.4,1
6/8/2021 12:16,1736,1,mardi,26.3,0,3
6/8/2021 11:56,286,1,mardi,26.3,0,3
6/8/2021 11:40,365,1,mardi,26.3,0,3
6/29/2021 21:14,399,1,mardi,25.6,0,3
6/1/2021 11:35,1216,1,mardi,19.3,1.4,3
6/8/2021 18:03,248,1,mardi,26.3,0,2
6/22/2021 18:50,217,1,mardi,15.5,0.2,2
6/1/2021 16:56,584,1,mardi,19.3,1.4,2
6/29/2021 17:16,653,1,mardi,25.6,0,2
6/29/2021 18:39,953,1,mardi,25.6,0,2
7/6/2021 8:31,303,1,mardi,23.1,1.2,1
7/13/2021 9:11,322,1,mardi,23.2,5.8,1
7/20/2021 6:55,775,1,mardi,21.2,9.6,1
7/6/2021 9:44,331,1,mardi,23.1,1.2,1
7/6/2021 7:27,2298,1,mardi,23.1,1.2,1
7/6/2021 21:09,325,1,mardi,23.1,1.2,3
7/13/2021 23:35,1313,1,mardi,23.2,5.8,3
7/6/2021 11:41,839,1,mardi,23.1,1.2,3
7/13/2021 11:38,469,1,mardi,23.2,5.8,3
7/27/2021 12:37,584,1,mardi,19,1.4,3
7/6/2021 17:59,2138,1,mardi,23.1,1.2,2
7/13/2021 15:20,907,1,mardi,23.2,5.8,2
7/6/2021 15:07,406,1,mardi,23.1,1.2,2
7/13/2021 17:47,551,1,mardi,23.2,5.8,2
7/20/2021 18:17,898,1,mardi,21.2,9.6,2
8/3/2021 8:10,1173,1,mardi,21.5,0.2,1
8/3/2021 9:16,402,1,mardi,21.5,0.2,1
8/17/2021 8:38,1209,1,mardi,21.2,0,1
8/24/2021 9:23,502,1,mardi,27.2,0,1
8/3/2021 7:08,2511,1,mardi,21.5,0.2,1
8/31/2021 10:54,389,1,mardi,20.6,0,3
8/17/2021 12:32,635,1,mardi,21.2,0,3
8/31/2021 14:09,804,1,mardi,20.6,0,3
8/3/2021 19:10,168,1,mardi,21.5,0.2,3
8/10/2021 14:28,578,1,mardi,26.5,10.4,3
8/31/2021 18:48,246,1,mardi,20.6,0,2
8/3/2021 17:54,1671,1,mardi,21.5,0.2,2
8/10/2021 17:53,649,1,mardi,26.5,10.4,2
8/31/2021 17:46,783,1,mardi,20.6,0,2
8/24/2021 17:13,312,1,mardi,27.2,0,2
9/7/2021 6:58,484,1,mardi,17.9,0,1
9/14/2021 8:11,266,1,mardi,16.7,0,1
9/28/2021 7:59,1163,1,mardi,10.5,0.2,1
9/28/2021 9:25,1059,1,mardi,10.5,0.2,1
9/7/2021 8:27,1471,1,mardi,17.9,0,1
9/7/2021 23:18,1063,1,mardi,17.9,0,3
9/7/2021 14:11,855,1,mardi,17.9,0,3
9/21/2021 14:46,1846,1,mardi,20.2,0,3
9/7/2021 12:53,409,1,mardi,17.9,0,3
9/7/2021 20:12,261,1,mardi,17.9,0,3
9/21/2021 15:50,587,1,mardi,20.2,0,2
9/28/2021 17:35,95,1,mardi,10.5,0.2,2
9/14/2021 18:08,209,1,mardi,16.7,0,2
9/28/2021 18:28,797,1,mardi,10.5,0.2,2
9/21/2021 17:33,725,1,mardi,20.2,0,2
10/12/2021 8:18,290,1,mardi,18.5,0,1
10/26/2021 8:40,140,1,mardi,9.6,6.4,1
10/5/2021 9:00,743,1,mardi,13.1,0,1
10/26/2021 9:14,236,1,mardi,9.6,6.4,1
10/5/2021 9:54,863,1,mardi,13.1,0,1
10/26/2021 19:33,1236,1,mardi,9.6,6.4,3
10/19/2021 14:14,374,1,mardi,8.8,0,3
10/12/2021 1:03,697,1,mardi,18.5,0,3
10/5/2021 11:45,576,1,mardi,13.1,0,3
10/5/2021 21:31,266,1,mardi,13.1,0,3
10/12/2021 18:53,493,1,mardi,18.5,0,2
10/19/2021 18:29,395,1,mardi,8.8,0,2
10/19/2021 17:46,1442,1,mardi,8.8,0,2
10/12/2021 18:50,224,1,mardi,18.5,0,2
10/5/2021 15:36,347,1,mardi,13.1,0,2
5/5/2021 9:56,821,1,mercredi,10.7,0.8,1
5/19/2021 9:02,254,1,mercredi,19.2,0,1
5/12/2021 8:54,368,1,mercredi,12,0,1
5/26/2021 8:06,842,1,mercredi,24,0.4,1
5/12/2021 8:01,391,1,mercredi,12,0,1
5/12/2021 23:25,1171,1,mercredi,12,0,3
5/19/2021 10:37,268,1,mercredi,19.2,0,3
5/19/2021 4:44,959,1,mercredi,19.2,0,3
5/26/2021 21:00,522,1,mercredi,24,0.4,3
5/26/2021 21:18,867,1,mercredi,24,0.4,3
5/19/2021 16:30,424,1,mercredi,19.2,0,2
5/19/2021 17:10,213,1,mercredi,19.2,0,2
5/26/2021 18:50,1143,1,mercredi,24,0.4,2
5/19/2021 18:00,1580,1,mercredi,19.2,0,2
5/12/2021 15:50,281,1,mercredi,12,0,2
6/30/2021 8:01,584,1,mercredi,23.4,31.7,1
6/2/2021 8:06,319,1,mercredi,20.9,0,1
6/2/2021 8:40,175,1,mercredi,20.9,0,1
6/2/2021 7:11,346,1,mercredi,20.9,0,1
6/23/2021 9:40,435,1,mercredi,14.5,0,1
6/2/2021 20:38,840,1,mercredi,20.9,0,3
6/2/2021 14:24,754,1,mercredi,20.9,0,3
6/30/2021 21:39,138,1,mercredi,23.4,31.7,3
6/9/2021 19:52,940,1,mercredi,24.1,0,3
6/2/2021 22:44,1818,1,mercredi,20.9,0,3
6/16/2021 17:02,1437,1,mercredi,15.2,0,2
6/2/2021 17:23,290,1,mercredi,20.9,0,2
6/2/2021 18:14,1473,1,mercredi,20.9,0,2
6/16/2021 18:44,336,1,mercredi,15.2,0,2
6/9/2021 18:37,510,1,mercredi,24.1,0,2
7/28/2021 9:18,374,1,mercredi,19.2,0,1
7/21/2021 7:22,833,1,mercredi,20,1.5,1
7/21/2021 7:35,1134,1,mercredi,20,1.5,1
7/14/2021 8:45,553,1,mercredi,24.2,0,1
7/14/2021 8:26,272,1,mercredi,24.2,0,1
7/21/2021 21:08,1470,1,mercredi,20,1.5,3
7/21/2021 12:59,379,1,mercredi,20,1.5,3
7/21/2021 19:59,1304,1,mercredi,20,1.5,3
7/14/2021 19:17,651,1,mercredi,24.2,0,3
7/7/2021 22:25,288,1,mercredi,16.4,0,3
7/28/2021 16:45,823,1,mercredi,19.2,0,2
7/7/2021 17:37,517,1,mercredi,16.4,0,2
7/28/2021 18:41,572,1,mercredi,19.2,0,2
7/28/2021 16:51,227,1,mercredi,19.2,0,2
7/7/2021 17:46,660,1,mercredi,16.4,0,2
8/4/2021 9:32,355,1,mercredi,21.1,0.2,1
8/25/2021 8:51,201,1,mercredi,26.6,0,1
8/4/2021 6:57,263,1,mercredi,21.1,0.2,1
8/18/2021 7:58,1178,1,mercredi,25.4,0,1
8/11/2021 9:32,1047,1,mercredi,27,5,1
8/25/2021 21:53,839,1,mercredi,26.6,0,3
8/25/2021 23:15,631,1,mercredi,26.6,0,3
8/18/2021 14:04,605,1,mercredi,25.4,0,3
8/11/2021 21:05,488,1,mercredi,27,5,3
8/25/2021 13:31,390,1,mercredi,26.6,0,3
8/11/2021 16:11,381,1,mercredi,27,5,2
8/18/2021 16:50,2420,1,mercredi,25.4,0,2
8/18/2021 16:28,540,1,mercredi,25.4,0,2
8/11/2021 17:53,347,1,mercredi,27,5,2
8/18/2021 15:45,157,1,mercredi,25.4,0,2
9/1/2021 8:11,425,1,mercredi,18,0,1
9/8/2021 8:10,891,1,mercredi,18.6,1,1
9/22/2021 9:50,122,1,mercredi,20.8,0.2,1
9/8/2021 8:45,832,1,mercredi,18.6,1,1
9/29/2021 9:09,392,1,mercredi,11.2,0,1
9/8/2021 11:58,915,1,mercredi,18.6,1,3
9/8/2021 21:30,295,1,mercredi,18.6,1,3
9/22/2021 14:27,367,1,mercredi,20.8,0.2,3
9/1/2021 20:05,802,1,mercredi,18,0,3
9/1/2021 1:56,276,1,mercredi,18,0,3
9/29/2021 15:40,248,1,mercredi,11.2,0,2
9/15/2021 17:49,1477,1,mercredi,17.6,11.1,2
9/8/2021 16:08,393,1,mercredi,18.6,1,2
9/22/2021 17:38,727,1,mercredi,20.8,0.2,2
9/29/2021 17:10,1001,1,mercredi,11.2,0,2
10/13/2021 9:20,441,1,mercredi,16.7,0,1
10/13/2021 6:39,177,1,mercredi,16.7,0,1
10/20/2021 7:41,397,1,mercredi,11.8,0,1
10/13/2021 7:39,606,1,mercredi,16.7,0,1
10/27/2021 9:13,203,1,mercredi,9.6,0,1
10/6/2021 19:48,1788,1,mercredi,14.3,0,3
10/6/2021 19:25,604,1,mercredi,14.3,0,3
10/20/2021 22:14,656,1,mercredi,11.8,0,3
10/6/2021 23:51,1016,1,mercredi,14.3,0,3
10/20/2021 11:07,2036,1,mercredi,11.8,0,3
10/6/2021 18:59,448,1,mercredi,14.3,0,2
10/6/2021 16:30,296,1,mercredi,14.3,0,2
10/6/2021 17:14,357,1,mercredi,14.3,0,2
10/13/2021 18:16,566,1,mercredi,16.7,0,2
10/13/2021 18:06,530,1,mercredi,16.7,0,2
